{"constants":{"lambda":{"fission":[8.5e-11,1e-12],"U238":[0.000155125,8.3e-8],"U235":[0.00098485,6.7e-7],"U234":[0.00282206,8e-7],"Th232":[0.0000495,0.0000025],"Th230":[0.0091705,0.0000016],"Pa231":[0.021158,0.00071],"Ra226":[0.4332,0.0019],"Rb87":[0.000013972,4.5e-7],"Re187":[0.00001666,8.5e-8],"Sm147":[0.000006524,1.2e-8],"K40":[0.00055305,0.00000132],"Lu176":[0.00001867,8e-8]},"iratio":{"Ar40Ar36":[298.56,0.31],"Ar38Ar36":[0.1885,0.0003],"Ca40Ca44":[46.48,0.044],"Rb85Rb87":[2.59265,0.00085],"Sr84Sr86":[0.056549,0.0000715],"Sr87Sr86":[0.69938,0.00006],"Sr88Sr86":[8.37861,0.001624],"Re185Re187":[0.59738,0.000195],"Os184Os192":[0.000485,0.00011],"Os186Os192":[0.03889,0.00011],"Os187Os192":[0.04817,0.00003],"Os188Os192":[0.32474,0.00005],"Os189Os192":[0.39593,0.00004],"Os190Os192":[0.64388,0.00045],"Th230Th232":[0,0],"U234U238":[0,0],"U238U235":[137.818,0.0225],"Pb206Pb204":[9.307,0],"Pb207Pb204":[10.294,0],"Pb207Pb206":[1.106,0],"Pb208Pb204":[29.476,0],"Pb208Pb206":[3.1671,0],"Pb208Pb207":[2.8634,0],"Sm144Sm152":[0.115117,0.000189],"Sm147Sm152":[0.561134,0.000622],"Sm148Sm152":[0.420634,0.000392],"Sm149Sm152":[0.516973,0.000393],"Sm150Sm152":[0.275438,0.000459],"Sm154Sm152":[0.850468,0.000484],"Nd142Nd144":[1.14101,0.0007],"Nd143Nd144":[0.51154,0.0004],"Nd145Nd144":[0.34848,0.00015],"Nd146Nd144":[0.72228,0.00051],"Nd148Nd144":[0.24186,0.0003],"Nd150Nd144":[0.23691,0.00042],"Lu176Lu175":[0.02668,0.000013],"Hf174Hf177":[0.00871,0.00005],"Hf176Hf177":[0.2829,0.003],"Hf178Hf177":[1.4671,0.0001],"Hf179Hf177":[0.7325,0],"Hf180Hf177":[1.88651,0.00012]},"imass":{"U":[238.02891,0.00003],"Rb":[85.46776,0.00026],"Rb85":[84.9117924,0.0000027],"Rb87":[86.9091828,0.0000028],"Sr":[87.62,0.01],"Sr84":[83.913426,0.000004],"Sr86":[85.9092647,0.0000025],"Sr87":[86.9088816,0.0000025],"Sr88":[87.9056167,0.0000025],"Re":[186.20679,0.00031],"Re185":[184.952955,0.000003],"Re187":[186.9557505,0.000003],"Os":[190.23,0.003],"Os184":[183.952491,0.000003],"Os186":[185.953838,0.000003],"Os187":[186.9557476,0.000003],"Os188":[187.9558357,0.000003],"Os189":[188.958145,0.000003],"Os190":[189.958445,0.000003],"Os192":[191.961479,0.000004],"Sm":[150.36,0.03],"Nd":[144.2415,0.0013],"Lu":[174.9668,0.0001],"Hf":[178.49,0.02]},"etchfact":{"apatite":0.93,"zircon":1},"tracklength":{"apatite":16.2,"zircon":10.6},"mindens":{"apatite":3.22,"zircon":4.7}},"settings":{"language":"en","geochronometer":"U-Pb","plotdevice":"concordia","ierr":1,"oerr":2,"alpha":0.05,"sigdig":2,"par":{"cex":1},"fissiontracks":{"format":1,"mineral":"apatite"},"detritals":{"format":1,"hide":[]},"U-Pb":{"format":3,"type":5,"cutoff76":1100,"cutoffdisc":0,"discoption":5,"mindisc":[-50,-5,-0.3,-2,-2],"maxdisc":[140,15,1,6,7],"commonPb":0,"diseq":false,"U48":[1,0],"ThU":[1,0],"RaU":[1,0],"PaU":[1,0]},"Th-U":{"format":2,"Th0i":0,"U8Th2":0,"Th02i":[0,0],"Th02U48":[0,0,1000000,0,0,0,0,0,0]},"Pb-Pb":{"format":3,"commonPb":2,"projerr":false,"inverse":true},"Ar-Ar":{"format":3,"i2i":false,"projerr":false,"inverse":true},"Th-Pb":{"format":2,"i2i":true,"projerr":false,"inverse":true},"K-Ca":{"format":1,"i2i":true,"projerr":false,"inverse":false},"Rb-Sr":{"format":1,"i2i":true,"projerr":false,"inverse":false},"Sm-Nd":{"format":1,"i2i":true,"projerr":false,"inverse":false},"Re-Os":{"format":1,"i2i":true,"projerr":false,"inverse":false},"Lu-Hf":{"format":1,"i2i":true,"projerr":false,"inverse":false},"U-Th-He":{},"other":{"format":1},"concordia":{"mint":"auto","maxt":"auto","minx":"auto","maxx":"auto","miny":"auto","maxy":"auto","type":1,"exterr":false,"shownumbers":false,"showage":0,"anchor":0,"tanchor":0,"ellipsefill":{"option":"custom_ramp","alpha":0.5,"ramp_start":"#00FF00","ramp_end":"#FF0000"},"ellipsestroke":"#000000","clabel":"","ticks":"auto"},"evolution":{"min08":"auto","max08":"auto","min48":"auto","max48":"auto","mint":"auto","maxt":"auto","transform":false,"exterr":false,"isochron":false,"shownumbers":false,"ellipsefill":{"option":"custom_ramp","alpha":0.5,"ramp_start":"#00FF00","ramp_end":"#FF0000"},"ellipsestroke":"#000000","model":1,"clabel":""},"isochron":{"UPbtype":1,"ThUtype":2,"y0option":1,"model":1,"exterr":false,"joint":true,"anchor":0,"tanchor":0,"shownumbers":false,"minx":"auto","maxx":"auto","miny":"auto","maxy":"auto","ellipsefill":{"option":"custom_ramp","alpha":0.5,"ramp_start":"#00FF00","ramp_end":"#FF0000"},"ellipsestroke":"#000000","growth":false,"clabel":""},"regression":{"model":1,"shownumbers":false,"minx":"auto","maxx":"auto","miny":"auto","maxy":"auto","ellipsefill":{"option":"custom_ramp","alpha":0.5,"ramp_start":"#00FF00","ramp_end":"#FF0000"},"ellipsestroke":"#000000","clabel":""},"radial":{"transformation":"log","mint":"auto","z0":"auto","maxt":"auto","pch":21,"cex":1,"bg":{"option":"custom_ramp","ramp_start":"#00FF00","ramp_end":"#FF0000","reverse":false},"shownumbers":false,"numpeaks":0,"clabel":"","exterr":false},"average":{"outliers":true,"exterr":false,"randomeffects":false,"mint":"auto","maxt":"auto","ranked":false,"bg":{"option":"custom_ramp","ramp_start":"#00FF00","ramp_end":"#FF0000","reverse":false},"outliercol":"#00FFFF","rect_alpha":0.5,"clabel":""},"spectrum":{"plateau":true,"exterr":false,"randomeffects":false,"bg":{"option":"custom_ramp","ramp_start":"#00FF00","ramp_end":"#FF0000","reverse":false},"nonplateaucol":"#00FFFF","nonplateau_alpha":0.5,"clabel":""},"KDE":{"ncol":"auto","xlab":"age [Ma]","showhist":true,"bw":"auto","samebandwidth":true,"normalise":true,"log":false,"adaptive":true,"minx":"auto","maxx":"auto","bandwidth":"auto","binwidth":"auto","rugdetritals":false,"rug":true},"CAD":{"pch":"none","verticals":true,"colmap":"rainbow"},"set-zeta":{"exterr":false},"MDS":{"classical":false,"shepard":false,"nnlines":false,"pch":21,"pos":0,"cex":5,"col":"#000000","bg":"#FFFFFF"},"helioplot":{"logratio":true,"shownumbers":false,"showcentralcomp":true,"minx":"auto","maxx":"auto","miny":"auto","maxy":"auto","fact":"auto","ellipsefill":{"option":"custom_ramp","alpha":0.5,"ramp_start":"#00FF00","ramp_end":"#FF0000"},"ellipsestroke":"#000000","model":1,"clabel":""},"ages":{"showdisc":0,"discoption":5,"exterr":false}},"data":{"U-Pb":{"ierr":1,"data":{"X=07/35":["2.03879","0.73928","1.71203","3.58366","0.65229","5.16427","15.13528","1.42556","1.56525","0.41661","7.66268","0.32047","1.39516","1.72197","1.04807","3.04242","5.59794","8.34021","1.75459","1.50596","1.0617","13.09035","1.50548","1.74204","7.75031","1.88899","5.50017","1.51261","6.20194","0.94873","1.9504","6.2476","3.53308","3.05911","12.2176","0.68858","12.47918","1.47644","1.70105","12.41624","1.9662","2.93916","3.72447","8.52112","0.34504","2.02939","6.93177","0.53165","5.20166","0.8724","0.95896","7.35371","1.24965","5.32185","1.74204","5.35248","1.50669","0.98536","4.77736","12.15681","0.8706","2.99299","1.75374","10.41707","0.72422","3.5724","1.14171","15.27768","1.88027","12.59061","5.42555","0.65468","5.70142","1.79783","0.93831","0.87355","1.03916","5.08221","4.09333","0.70306","14.58069","0.86163","0.76495","0.53555","0.68424","1.34264","1.0296","0.8123","2.02589","4.5053","6.16186","6.90132","12.98547","0.90166","0.88814","6.12529","1.17396","0.98852","1.4799","1.32516","0.86458","0.35115","4.83006","5.11928","0.90572","2.68628","0.9","0.92742","0.91984","0.85135","2.02555","1.1981","5.31414","1.42118","1.6421","1.85096","1.75916","1.82253","0.89192","1.12127","11.04256","7.77302","1.66908","2.60131","11.96957","0.31984","11.60044","1.82575","0.82443","1.78236","5.35988","0.19703","1.46862","1.98528","1.9132","0.65449","0.93889","2.07834","1.58189","0.66444","1.77838","1.66632","6.14714","0.7642","1.49042","1.46572","2.88839","3.96418","2.4731","5.19296"],"err[X]":["0.02795","0.01072","0.02594","0.05049","0.00998","0.07088","0.20568","0.0196","0.02153","0.00593","0.10287","0.00482","0.02258","0.02333","0.01468","0.0412","0.07636","0.1118","0.0238","0.02054","0.01465","0.17631","0.02524","0.0235","0.10498","0.0264","0.07392","0.02217","0.08345","0.01398","0.02742","0.08441","0.04966","0.04195","0.16256","0.01028","0.16756","0.02309","0.02717","0.16578","0.02718","0.04057","0.04984","0.1129","0.00524","0.0272","0.09212","0.00765","0.07057","0.0145","0.01437","0.09982","0.01759","0.07087","0.0234","0.0717","0.02161","0.01539","0.06445","0.16283","0.01256","0.04042","0.02471","0.13728","0.00976","0.04782","0.01626","0.20224","0.02589","0.16615","0.07798","0.0097","0.07492","0.02474","0.01236","0.01263","0.01432","0.06873","0.0576","0.00973","0.19474","0.01627","0.01143","0.00769","0.00953","0.01798","0.01384","0.01094","0.02834","0.05992","0.08326","0.09163","0.17066","0.01247","0.01229","0.08084","0.0164","0.01353","0.02022","0.01835","0.01405","0.00509","0.0649","0.06943","0.0132","0.03571","0.01279","0.01311","0.01306","0.01177","0.02907","0.0201","0.07178","0.0196","0.02231","0.02512","0.02361","0.02589","0.01251","0.0161","0.14409","0.10259","0.02253","0.03579","0.15724","0.00482","0.15209","0.02422","0.01171","0.0239","0.07114","0.0032","0.01979","0.02627","0.02616","0.01097","0.01359","0.03451","0.02254","0.01016","0.02406","0.02215","0.0808","0.01359","0.02002","0.02205","0.06993","0.05249","0.03242","0.06847"],"Y=06/38":["0.17902","0.09093","0.17228","0.24112","0.08042","0.3466","0.56164","0.12423","0.16251","0.05575","0.39983","0.04297","0.14722","0.17103","0.11604","0.24946","0.35464","0.40544","0.17243","0.15442","0.10981","0.53689","0.12375","0.16606","0.41502","0.18067","0.34391","0.1498","0.36651","0.10941","0.18677","0.3697","0.2522","0.25285","0.49288","0.08617","0.48879","0.14797","0.16326","0.51146","0.18797","0.23452","0.24742","0.3898","0.04778","0.19066","0.39695","0.06712","0.33823","0.10545","0.11103","0.40005","0.11756","0.32426","0.16859","0.33794","0.15057","0.11052","0.3078","0.50819","0.10044","0.24558","0.17194","0.45942","0.08477","0.24015","0.1266","0.55485","0.18179","0.51677","0.3172","0.07828","0.31788","0.17357","0.10283","0.10023","0.11852","0.31913","0.2664","0.08602","0.54741","0.09073","0.09119","0.06603","0.08202","0.1394","0.1172","0.08779","0.19239","0.30784","0.37333","0.3847","0.51548","0.10475","0.0968","0.37009","0.12905","0.11309","0.14483","0.14306","0.09879","0.04817","0.31358","0.32271","0.08796","0.22228","0.10435","0.10923","0.10698","0.08841","0.19063","0.13028","0.33832","0.14292","0.16403","0.16135","0.17211","0.16978","0.10748","0.11749","0.45919","0.38394","0.16898","0.21943","0.50063","0.0423","0.4791","0.15337","0.09914","0.17231","0.33949","0.02835","0.1264","0.15109","0.18107","0.07098","0.0982","0.20147","0.16012","0.08232","0.17291","0.16053","0.34557","0.09335","0.15329","0.15169","0.25338","0.28619","0.21367","0.32792"],"err[Y]":["0.00234","0.0012","0.00232","0.0032","0.00107","0.00455","0.00737","0.00162","0.00212","0.00073","0.00519","0.00057","0.00202","0.00222","0.00152","0.00324","0.00463","0.00526","0.00224","0.002","0.00143","0.00699","0.00171","0.00215","0.00541","0.00236","0.00445","0.00198","0.00475","0.00144","0.00244","0.0048","0.00332","0.00329","0.00635","0.00114","0.00634","0.002","0.00223","0.00661","0.00244","0.00305","0.00319","0.005","0.00063","0.00245","0.0051","0.00087","0.00438","0.00143","0.00146","0.0052","0.00153","0.00416","0.00216","0.00435","0.00197","0.00147","0.00397","0.00656","0.00131","0.00316","0.00223","0.00586","0.00108","0.00308","0.00164","0.00711","0.00234","0.0066","0.00423","0.00102","0.00404","0.00223","0.0013","0.0013","0.00152","0.00411","0.00349","0.0011","0.00704","0.00129","0.00119","0.00085","0.00105","0.00177","0.00149","0.00112","0.00248","0.00392","0.0048","0.0049","0.00654","0.00134","0.00124","0.00469","0.00165","0.00144","0.00185","0.00183","0.00132","0.00062","0.004","0.00414","0.00114","0.00281","0.00134","0.0014","0.00137","0.00113","0.00247","0.00177","0.00432","0.00182","0.00208","0.00205","0.00217","0.00219","0.00137","0.00151","0.00576","0.00484","0.00214","0.0028","0.0063","0.00054","0.00602","0.00193","0.00126","0.00217","0.00428","0.00037","0.00159","0.0019","0.00229","0.00095","0.00126","0.00274","0.00205","0.00107","0.00218","0.00201","0.00432","0.00127","0.00192","0.00197","0.00488","0.00358","0.00266","0.0041"],"Z=07/06":["0.08175","0.05837","0.07135","0.10673","0.05825","0.10702","0.19358","0.08244","0.0692","0.0537","0.13773","0.0536","0.06812","0.07238","0.06493","0.08769","0.11351","0.14794","0.07319","0.07015","0.06955","0.17542","0.08754","0.07549","0.1344","0.07526","0.11513","0.0727","0.12184","0.06244","0.0752","0.12171","0.10091","0.08716","0.17859","0.05759","0.18401","0.07192","0.07511","0.17502","0.07542","0.09038","0.10857","0.15767","0.05209","0.07679","0.12599","0.05716","0.11098","0.05971","0.06234","0.13269","0.07674","0.1185","0.07461","0.11438","0.07227","0.0644","0.11212","0.17283","0.06263","0.08807","0.07371","0.16388","0.06175","0.10754","0.0652","0.19909","0.07479","0.1762","0.12374","0.06051","0.12978","0.07495","0.06604","0.06308","0.06347","0.11529","0.11125","0.05918","0.19288","0.06878","0.06076","0.05875","0.06044","0.06978","0.06365","0.06705","0.07632","0.10608","0.11964","0.13005","0.18264","0.06241","0.06654","0.12003","0.06598","0.0634","0.07413","0.0672","0.0635","0.0529","0.11178","0.11514","0.07474","0.08775","0.06263","0.06166","0.06245","0.06994","0.07719","0.06681","0.11413","0.07226","0.07275","0.08338","0.07429","0.07804","0.06033","0.06939","0.17486","0.14723","0.07184","0.08623","0.17392","0.055","0.17617","0.08662","0.06052","0.07528","0.11491","0.05059","0.08458","0.09566","0.07694","0.06715","0.06963","0.07513","0.07196","0.0588","0.07493","0.07563","0.12962","0.05966","0.07086","0.07043","0.0827","0.10098","0.08439","0.11547"],"err[Z]":["0.00089","0.0007","0.00092","0.00122","0.00076","0.00116","0.00207","0.0009","0.00076","0.00063","0.00145","0.00069","0.00097","0.00078","0.00074","0.00094","0.00123","0.00156","0.00079","0.00076","0.00078","0.00186","0.00133","0.00081","0.00145","0.00086","0.00123","0.0009","0.0013","0.00078","0.00087","0.00131","0.00117","0.00097","0.00188","0.00074","0.00197","0.00099","0.00107","0.00186","0.00085","0.00102","0.00116","0.00166","0.00069","0.00083","0.00134","0.0007","0.00122","0.0009","0.00081","0.00146","0.00091","0.00127","0.00081","0.00124","0.00088","0.00089","0.00123","0.00187","0.00077","0.00097","0.00087","0.00174","0.00068","0.00117","0.00079","0.00213","0.00086","0.00188","0.00152","0.00078","0.00138","0.00086","0.00071","0.00079","0.00073","0.00129","0.00133","0.00069","0.00211","0.00124","0.0008","0.00073","0.00071","0.00077","0.00071","0.00075","0.00091","0.00116","0.00135","0.00142","0.00197","0.00073","0.00078","0.00131","0.00079","0.00073","0.00086","0.00079","0.00095","0.00067","0.00126","0.00131","0.00096","0.00097","0.00077","0.00076","0.00077","0.00083","0.00097","0.00104","0.0013","0.00086","0.00084","0.00096","0.00084","0.00097","0.00073","0.00088","0.0019","0.00163","0.00083","0.00102","0.00192","0.00075","0.00194","0.00097","0.00076","0.00086","0.00129","0.00076","0.00098","0.00108","0.00091","0.00106","0.0009","0.00116","0.00091","0.00082","0.00087","0.00086","0.00145","0.00101","0.00082","0.00096","0.00156","0.00115","0.00094","0.0013"],"(rhoXY)":["0.670422872811946","0.628666294490585","0.599535435683837","0.652388577618489","0.591658608565472","0.674960196136235","0.680000724494629","0.669031913054151","0.665302925413658","0.634252784810514","0.682550438934171","0.592591670813859","0.557124161000348","0.670736994930108","0.648271966992587","0.674206244973881","0.671290411886001","0.680848727533655","0.670347922200562","0.669115639970988","0.6517027806626","0.680007564668921","0.520557187082625","0.671250440693094","0.67113236858125","0.644650644228713","0.672546755677215","0.609802248143697","0.674288441163953","0.604074678452499","0.63831911369705","0.670584482156417","0.638880059421736","0.654315140752049","0.677289689640817","0.589336322379224","0.671543007788087","0.562453452206752","0.547166120837328","0.673274171029264","0.648053924900847","0.647022313613348","0.669868266939282","0.674415900321736","0.571869761327035","0.661725775865149","0.669315333613447","0.603412613490011","0.657161521361293","0.516783408620242","0.580159466832191","0.657856297562772","0.619278776190052","0.664539687960006","0.658692514838663","0.65999495538885","0.609166195433354","0.553248508114932","0.655183891525535","0.66213216401354","0.603438439865681","0.652131248421553","0.622262386503443","0.665206661107833","0.648433416365258","0.656181482118837","0.60661143569896","0.663142559771867","0.629259959328979","0.662801966255474","0.609175021738281","0.577922314150001","0.662040727568952","0.630016088215207","0.653806720520546","0.587708427811787","0.62832931054114","0.641777205517045","0.614910719817631","0.619060536471046","0.652358413648052","0.43520793356695","0.564653253034125","0.58834004438544","0.616580297248465","0.6433629840621","0.637501835348358","0.637367449791014","0.609139813238053","0.647917228836743","0.634786824385021","0.648372243694345","0.651745631813238","0.616379876636619","0.615386980537154","0.64472784995276","0.60261185027752","0.622257774993421","0.616684516839098","0.613036891212308","0.503826941451052","0.577168717791027","0.630689107764783","0.6295542415343","0.570168683998494","0.637705029987942","0.591001180832397","0.585546584754364","0.587269225666471","0.604581423768833","0.580626118573176","0.490765584271397","0.625456987618911","0.599920096684788","0.615459195125603","0.617776812279525","0.624186217085167","0.583093124279405","0.595105043380219","0.570387162747038","0.640114909946099","0.632708019126989","0.611616473435721","0.604343126270028","0.632314857493591","0.530516625686407","0.632847833292416","0.625790877988969","0.569394061952553","0.615552841856339","0.624742732535964","0.49164935199022","0.606363995920461","0.618295834673684","0.598579902386741","0.470028793218991","0.557494354958007","0.492161832592117","0.567416705408679","0.52398184932708","0.607313773792634","0.613349566197929","0.620477364612501","0.443781390280433","0.604473661949013","0.535348559984313","0.436039413019322","0.610106767222552","0.621202486712404","0.616981333067437"],"(rhoYZ)":["-0.356417428103116","-0.340291201492395","-0.339883997604334","-0.356927102508609","-0.325955106490514","-0.356454494346224","-0.362981649316852","-0.351910723036093","-0.354569433047241","-0.346599999207078","-0.362601183824013","-0.338087617687885","-0.330359012824921","-0.361226476201402","-0.352620942231647","-0.359907122259597","-0.359780576789944","-0.364807184662022","-0.361122837527466","-0.353106300048944","-0.359331966725559","-0.364101059604616","-0.335075706109405","-0.36272527326917","-0.365646862125734","-0.354687351638737","-0.365110253712091","-0.345719427920166","-0.36432193489879","-0.341031840536033","-0.353551385816328","-0.36451450649866","-0.360881170127096","-0.36292279773771","-0.367805467758811","-0.344862805789766","-0.369317146127491","-0.342895741611742","-0.345336816751918","-0.370206708991007","-0.356900230540084","-0.361012090897706","-0.367737206178104","-0.369618676833868","-0.339766474345454","-0.368310846202505","-0.371677663496892","-0.349431754192917","-0.366977559920417","-0.329835872649141","-0.342940731637939","-0.369765912376829","-0.362423552275941","-0.371331461782153","-0.365150788070535","-0.371830906376171","-0.356958667804346","-0.337178232066913","-0.37000391724511","-0.373374514324713","-0.352753915266732","-0.36867161880019","-0.356013649248341","-0.375687719935892","-0.363389605360584","-0.37149087109749","-0.356119971879896","-0.37722883633965","-0.365908037744093","-0.37724397143029","-0.372841893152903","-0.34656875001476","-0.377076288810972","-0.36413232792322","-0.374835440362579","-0.357155456291954","-0.3622341516409","-0.375326821143933","-0.372041598691648","-0.361961561528388","-0.379146223722172","-0.332809697931959","-0.350322500690885","-0.356115184895668","-0.358733587700615","-0.369893917391339","-0.371495339784394","-0.373128486775778","-0.36644324282361","-0.376461373198127","-0.379296061588335","-0.378120302371711","-0.382126867495526","-0.364867687853354","-0.366332443793598","-0.381497581706533","-0.364758149158421","-0.366182712268106","-0.374768821996793","-0.366016969879173","-0.345851306737648","-0.355684464022741","-0.379834117403172","-0.377110318628875","-0.362082215522475","-0.376727606770248","-0.361351974881975","-0.368313913685297","-0.362373198841037","-0.372701002737493","-0.367972684541067","-0.343863522330055","-0.379324545576919","-0.374801272947631","-0.374040456483588","-0.375317905398093","-0.374182914241494","-0.371365844345767","-0.363604844956207","-0.367619473179939","-0.38572466516112","-0.384380408566104","-0.381560731424259","-0.375819709937812","-0.387483591040921","-0.349877243491877","-0.387586922790977","-0.382408767022856","-0.36803863745578","-0.379859174417622","-0.384381288860377","-0.337234271439216","-0.380456066897903","-0.38917272682763","-0.377293818934978","-0.348789286745177","-0.368380099088135","-0.351549486169576","-0.37307724893551","-0.35751920810117","-0.378204053270146","-0.384122353855768","-0.388442501282486","-0.337451999253857","-0.380718115974503","-0.361932124354013","-0.245952243152711","-0.389054294084494","-0.386553528286397","-0.387983902073818"],"(C)":[null,null,null,null,null,null,null,null,null,null,null,null,null,null,null,null,null,null,null,null,null,null,null,null,null,null,null,null,null,null,null,null,null,null,null,null,null,null,null,null,null,null,null,null,null,null,null,null,null,null,null,null,null,null,null,null,null,null,null,null,null,null,null,null,null,null,null,null,null,null,null,null,null,null,null,null,null,null,null,null,null,null,null,null,null,null,null,null,null,null,null,null,null,null,null,null,null,null,null,null,null,null,null,null,null,null,null,null,null,null,null,null,null,null,null,null,null,null,null,null,null,null,null,null,null,null,null,null,null,null,null,null,null,null,null,null,null,null,null,null,null,null,null,null,null,null,null,null,null,null],"(omit)":[null,null,null,null,null,null,null,null,null,null,null,null,null,null,null,null,null,null,null,null,null,null,null,null,null,null,null,null,null,null,null,null,null,null,null,null,null,null,null,null,null,null,null,null,null,null,null,null,null,null,null,null,null,null,null,null,null,null,null,null,null,null,null,null,null,null,null,null,null,null,null,null,null,null,null,null,null,null,null,null,null,null,null,null,null,null,null,null,null,null,null,null,null,null,null,null,null,null,null,null,null,null,null,null,null,null,null,null,null,null,null,null,null,null,null,null,null,null,null,null,null,null,null,null,null,null,null,null,null,null,null,null,null,null,null,null,null,null,null,null,null,null,null,null,null,null,null,null,null,null]}},"Ar-Ar":{},"K-Ca":{},"Rb-Sr":{},"Sm-Nd":{},"Re-Os":{},"Lu-Hf":{},"U-Th-He":{},"Th-U":{},"fissiontracks":{},"detritals":{},"other":{}},"languages":{"languages_supported":[{"code":"en","prefix":"en","name":"English","short_name":"EN"},{"code":"zh_Hans","prefix":"zh","name":"中文","short_name":"CN"},{"code":"es","prefix":"es","name":"Español","short_name":"ES"},{"code":"cy","prefix":"cy","name":"Cymraeg","short_name":"CY"}],"translation_link":"http://lgc.es.ucl.ac.uk/weblate/translate/isoplotrgui/${FILENAME}/${LANGUAGE}?q=context%3A${ID}"},"data4server":{"nr":150,"nc":10,"data":[[2.03879,0.02795,0.17902,0.00234,0.08175,0.00089,0.670422872811946,-0.356417428103116,"",""],[0.73928,0.01072,0.09093,0.0012,0.05837,0.0007,0.628666294490585,-0.340291201492395,"",""],[1.71203,0.02594,0.17228,0.00232,0.07135,0.00092,0.599535435683837,-0.339883997604334,"",""],[3.58366,0.05049,0.24112,0.0032,0.10673,0.00122,0.652388577618489,-0.356927102508609,"",""],[0.65229,0.00998,0.08042,0.00107,0.05825,0.00076,0.591658608565472,-0.325955106490514,"",""],[5.16427,0.07088,0.3466,0.00455,0.10702,0.00116,0.674960196136235,-0.356454494346224,"",""],[15.13528,0.20568,0.56164,0.00737,0.19358,0.00207,0.680000724494629,-0.362981649316852,"",""],[1.42556,0.0196,0.12423,0.00162,0.08244,0.0009,0.669031913054151,-0.351910723036093,"",""],[1.56525,0.02153,0.16251,0.00212,0.0692,0.00076,0.665302925413658,-0.354569433047241,"",""],[0.41661,0.00593,0.05575,0.00073,0.0537,0.00063,0.634252784810514,-0.346599999207078,"",""],[7.66268,0.10287,0.39983,0.00519,0.13773,0.00145,0.682550438934171,-0.362601183824013,"",""],[0.32047,0.00482,0.04297,0.00057,0.0536,0.00069,0.592591670813859,-0.338087617687885,"",""],[1.39516,0.02258,0.14722,0.00202,0.06812,0.00097,0.557124161000348,-0.330359012824921,"",""],[1.72197,0.02333,0.17103,0.00222,0.07238,0.00078,0.670736994930108,-0.361226476201402,"",""],[1.04807,0.01468,0.11604,0.00152,0.06493,0.00074,0.648271966992587,-0.352620942231647,"",""],[3.04242,0.0412,0.24946,0.00324,0.08769,0.00094,0.674206244973881,-0.359907122259597,"",""],[5.59794,0.07636,0.35464,0.00463,0.11351,0.00123,0.671290411886001,-0.359780576789944,"",""],[8.34021,0.1118,0.40544,0.00526,0.14794,0.00156,0.680848727533655,-0.364807184662022,"",""],[1.75459,0.0238,0.17243,0.00224,0.07319,0.00079,0.670347922200562,-0.361122837527466,"",""],[1.50596,0.02054,0.15442,0.002,0.07015,0.00076,0.669115639970988,-0.353106300048944,"",""],[1.0617,0.01465,0.10981,0.00143,0.06955,0.00078,0.6517027806626,-0.359331966725559,"",""],[13.09035,0.17631,0.53689,0.00699,0.17542,0.00186,0.680007564668921,-0.364101059604616,"",""],[1.50548,0.02524,0.12375,0.00171,0.08754,0.00133,0.520557187082625,-0.335075706109405,"",""],[1.74204,0.0235,0.16606,0.00215,0.07549,0.00081,0.671250440693094,-0.36272527326917,"",""],[7.75031,0.10498,0.41502,0.00541,0.1344,0.00145,0.67113236858125,-0.365646862125734,"",""],[1.88899,0.0264,0.18067,0.00236,0.07526,0.00086,0.644650644228713,-0.354687351638737,"",""],[5.50017,0.07392,0.34391,0.00445,0.11513,0.00123,0.672546755677215,-0.365110253712091,"",""],[1.51261,0.02217,0.1498,0.00198,0.0727,0.0009,0.609802248143697,-0.345719427920166,"",""],[6.20194,0.08345,0.36651,0.00475,0.12184,0.0013,0.674288441163953,-0.36432193489879,"",""],[0.94873,0.01398,0.10941,0.00144,0.06244,0.00078,0.604074678452499,-0.341031840536033,"",""],[1.9504,0.02742,0.18677,0.00244,0.0752,0.00087,0.63831911369705,-0.353551385816328,"",""],[6.2476,0.08441,0.3697,0.0048,0.12171,0.00131,0.670584482156417,-0.36451450649866,"",""],[3.53308,0.04966,0.2522,0.00332,0.10091,0.00117,0.638880059421736,-0.360881170127096,"",""],[3.05911,0.04195,0.25285,0.00329,0.08716,0.00097,0.654315140752049,-0.36292279773771,"",""],[12.2176,0.16256,0.49288,0.00635,0.17859,0.00188,0.677289689640817,-0.367805467758811,"",""],[0.68858,0.01028,0.08617,0.00114,0.05759,0.00074,0.589336322379224,-0.344862805789766,"",""],[12.47918,0.16756,0.48879,0.00634,0.18401,0.00197,0.671543007788087,-0.369317146127491,"",""],[1.47644,0.02309,0.14797,0.002,0.07192,0.00099,0.562453452206752,-0.342895741611742,"",""],[1.70105,0.02717,0.16326,0.00223,0.07511,0.00107,0.547166120837328,-0.345336816751918,"",""],[12.41624,0.16578,0.51146,0.00661,0.17502,0.00186,0.673274171029264,-0.370206708991007,"",""],[1.9662,0.02718,0.18797,0.00244,0.07542,0.00085,0.648053924900847,-0.356900230540084,"",""],[2.93916,0.04057,0.23452,0.00305,0.09038,0.00102,0.647022313613348,-0.361012090897706,"",""],[3.72447,0.04984,0.24742,0.00319,0.10857,0.00116,0.669868266939282,-0.367737206178104,"",""],[8.52112,0.1129,0.3898,0.005,0.15767,0.00166,0.674415900321736,-0.369618676833868,"",""],[0.34504,0.00524,0.04778,0.00063,0.05209,0.00069,0.571869761327035,-0.339766474345454,"",""],[2.02939,0.0272,0.19066,0.00245,0.07679,0.00083,0.661725775865149,-0.368310846202505,"",""],[6.93177,0.09212,0.39695,0.0051,0.12599,0.00134,0.669315333613447,-0.371677663496892,"",""],[0.53165,0.00765,0.06712,0.00087,0.05716,0.0007,0.603412613490011,-0.349431754192917,"",""],[5.20166,0.07057,0.33823,0.00438,0.11098,0.00122,0.657161521361293,-0.366977559920417,"",""],[0.8724,0.0145,0.10545,0.00143,0.05971,0.0009,0.516783408620242,-0.329835872649141,"",""],[0.95896,0.01437,0.11103,0.00146,0.06234,0.00081,0.580159466832191,-0.342940731637939,"",""],[7.35371,0.09982,0.40005,0.0052,0.13269,0.00146,0.657856297562772,-0.369765912376829,"",""],[1.24965,0.01759,0.11756,0.00153,0.07674,0.00091,0.619278776190052,-0.362423552275941,"",""],[5.32185,0.07087,0.32426,0.00416,0.1185,0.00127,0.664539687960006,-0.371331461782153,"",""],[1.74204,0.0234,0.16859,0.00216,0.07461,0.00081,0.658692514838663,-0.365150788070535,"",""],[5.35248,0.0717,0.33794,0.00435,0.11438,0.00124,0.65999495538885,-0.371830906376171,"",""],[1.50669,0.02161,0.15057,0.00197,0.07227,0.00088,0.609166195433354,-0.356958667804346,"",""],[0.98536,0.01539,0.11052,0.00147,0.0644,0.00089,0.553248508114932,-0.337178232066913,"",""],[4.77736,0.06445,0.3078,0.00397,0.11212,0.00123,0.655183891525535,-0.37000391724511,"",""],[12.15681,0.16283,0.50819,0.00656,0.17283,0.00187,0.66213216401354,-0.373374514324713,"",""],[0.8706,0.01256,0.10044,0.00131,0.06263,0.00077,0.603438439865681,-0.352753915266732,"",""],[2.99299,0.04042,0.24558,0.00316,0.08807,0.00097,0.652131248421553,-0.36867161880019,"",""],[1.75374,0.02471,0.17194,0.00223,0.07371,0.00087,0.622262386503443,-0.356013649248341,"",""],[10.41707,0.13728,0.45942,0.00586,0.16388,0.00174,0.665206661107833,-0.375687719935892,"",""],[0.72422,0.00976,0.08477,0.00108,0.06175,0.00068,0.648433416365258,-0.363389605360584,"",""],[3.5724,0.04782,0.24015,0.00308,0.10754,0.00117,0.656181482118837,-0.37149087109749,"",""],[1.14171,0.01626,0.1266,0.00164,0.0652,0.00079,0.60661143569896,-0.356119971879896,"",""],[15.27768,0.20224,0.55485,0.00711,0.19909,0.00213,0.663142559771867,-0.37722883633965,"",""],[1.88027,0.02589,0.18179,0.00234,0.07479,0.00086,0.629259959328979,-0.365908037744093,"",""],[12.59061,0.16615,0.51677,0.0066,0.1762,0.00188,0.662801966255474,-0.37724397143029,"",""],[5.42555,0.07798,0.3172,0.00423,0.12374,0.00152,0.609175021738281,-0.372841893152903,"",""],[0.65468,0.0097,0.07828,0.00102,0.06051,0.00078,0.577922314150001,-0.34656875001476,"",""],[5.70142,0.07492,0.31788,0.00404,0.12978,0.00138,0.662040727568952,-0.377076288810972,"",""],[1.79783,0.02474,0.17357,0.00223,0.07495,0.00086,0.630016088215207,-0.36413232792322,"",""],[0.93831,0.01236,0.10283,0.0013,0.06604,0.00071,0.653806720520546,-0.374835440362579,"",""],[0.87355,0.01263,0.10023,0.0013,0.06308,0.00079,0.587708427811787,-0.357155456291954,"",""],[1.03916,0.01432,0.11852,0.00152,0.06347,0.00073,0.62832931054114,-0.3622341516409,"",""],[5.08221,0.06873,0.31913,0.00411,0.11529,0.00129,0.641777205517045,-0.375326821143933,"",""],[4.09333,0.0576,0.2664,0.00349,0.11125,0.00133,0.614910719817631,-0.372041598691648,"",""],[0.70306,0.00973,0.08602,0.0011,0.05918,0.00069,0.619060536471046,-0.361961561528388,"",""],[14.58069,0.19474,0.54741,0.00704,0.19288,0.00211,0.652358413648052,-0.379146223722172,"",""],[0.86163,0.01627,0.09073,0.00129,0.06878,0.00124,0.43520793356695,-0.332809697931959,"",""],[0.76495,0.01143,0.09119,0.00119,0.06076,0.0008,0.564653253034125,-0.350322500690885,"",""],[0.53555,0.00769,0.06603,0.00085,0.05875,0.00073,0.58834004438544,-0.356115184895668,"",""],[0.68424,0.00953,0.08202,0.00105,0.06044,0.00071,0.616580297248465,-0.358733587700615,"",""],[1.34264,0.01798,0.1394,0.00177,0.06978,0.00077,0.6433629840621,-0.369893917391339,"",""],[1.0296,0.01384,0.1172,0.00149,0.06365,0.00071,0.637501835348358,-0.371495339784394,"",""],[0.8123,0.01094,0.08779,0.00112,0.06705,0.00075,0.637367449791014,-0.373128486775778,"",""],[2.02589,0.02834,0.19239,0.00248,0.07632,0.00091,0.609139813238053,-0.36644324282361,"",""],[4.5053,0.05992,0.30784,0.00392,0.10608,0.00116,0.647917228836743,-0.376461373198127,"",""],[6.16186,0.08326,0.37333,0.0048,0.11964,0.00135,0.634786824385021,-0.379296061588335,"",""],[6.90132,0.09163,0.3847,0.0049,0.13005,0.00142,0.648372243694345,-0.378120302371711,"",""],[12.98547,0.17066,0.51548,0.00654,0.18264,0.00197,0.651745631813238,-0.382126867495526,"",""],[0.90166,0.01247,0.10475,0.00134,0.06241,0.00073,0.616379876636619,-0.364867687853354,"",""],[0.88814,0.01229,0.0968,0.00124,0.06654,0.00078,0.615386980537154,-0.366332443793598,"",""],[6.12529,0.08084,0.37009,0.00469,0.12003,0.00131,0.64472784995276,-0.381497581706533,"",""],[1.17396,0.0164,0.12905,0.00165,0.06598,0.00079,0.60261185027752,-0.364758149158421,"",""],[0.98852,0.01353,0.11309,0.00144,0.0634,0.00073,0.622257774993421,-0.366182712268106,"",""],[1.4799,0.02022,0.14483,0.00185,0.07413,0.00086,0.616684516839098,-0.374768821996793,"",""],[1.32516,0.01835,0.14306,0.00183,0.0672,0.00079,0.613036891212308,-0.366016969879173,"",""],[0.86458,0.01405,0.09879,0.00132,0.0635,0.00095,0.503826941451052,-0.345851306737648,"",""],[0.35115,0.00509,0.04817,0.00062,0.0529,0.00067,0.577168717791027,-0.355684464022741,"",""],[4.83006,0.0649,0.31358,0.004,0.11178,0.00126,0.630689107764783,-0.379834117403172,"",""],[5.11928,0.06943,0.32271,0.00414,0.11514,0.00131,0.6295542415343,-0.377110318628875,"",""],[0.90572,0.0132,0.08796,0.00114,0.07474,0.00096,0.570168683998494,-0.362082215522475,"",""],[2.68628,0.03571,0.22228,0.00281,0.08775,0.00097,0.637705029987942,-0.376727606770248,"",""],[0.9,0.01279,0.10435,0.00134,0.06263,0.00077,0.591001180832397,-0.361351974881975,"",""],[0.92742,0.01311,0.10923,0.0014,0.06166,0.00076,0.585546584754364,-0.368313913685297,"",""],[0.91984,0.01306,0.10698,0.00137,0.06245,0.00077,0.587269225666471,-0.362373198841037,"",""],[0.85135,0.01177,0.08841,0.00113,0.06994,0.00083,0.604581423768833,-0.372701002737493,"",""],[2.02555,0.02907,0.19063,0.00247,0.07719,0.00097,0.580626118573176,-0.367972684541067,"",""],[1.1981,0.0201,0.13028,0.00177,0.06681,0.00104,0.490765584271397,-0.343863522330055,"",""],[5.31414,0.07178,0.33832,0.00432,0.11413,0.0013,0.625456987618911,-0.379324545576919,"",""],[1.42118,0.0196,0.14292,0.00182,0.07226,0.00086,0.599920096684788,-0.374801272947631,"",""],[1.6421,0.02231,0.16403,0.00208,0.07275,0.00084,0.615459195125603,-0.374040456483588,"",""],[1.85096,0.02512,0.16135,0.00205,0.08338,0.00096,0.617776812279525,-0.375317905398093,"",""],[1.75916,0.02361,0.17211,0.00217,0.07429,0.00084,0.624186217085167,-0.374182914241494,"",""],[1.82253,0.02589,0.16978,0.00219,0.07804,0.00097,0.583093124279405,-0.371365844345767,"",""],[0.89192,0.01251,0.10748,0.00137,0.06033,0.00073,0.595105043380219,-0.363604844956207,"",""],[1.12127,0.0161,0.11749,0.00151,0.06939,0.00088,0.570387162747038,-0.367619473179939,"",""],[11.04256,0.14409,0.45919,0.00576,0.17486,0.0019,0.640114909946099,-0.38572466516112,"",""],[7.77302,0.10259,0.38394,0.00484,0.14723,0.00163,0.632708019126989,-0.384380408566104,"",""],[1.66908,0.02253,0.16898,0.00214,0.07184,0.00083,0.611616473435721,-0.381560731424259,"",""],[2.60131,0.03579,0.21943,0.0028,0.08623,0.00102,0.604343126270028,-0.375819709937812,"",""],[11.96957,0.15724,0.50063,0.0063,0.17392,0.00192,0.632314857493591,-0.387483591040921,"",""],[0.31984,0.00482,0.0423,0.00054,0.055,0.00075,0.530516625686407,-0.349877243491877,"",""],[11.60044,0.15209,0.4791,0.00602,0.17617,0.00194,0.632847833292416,-0.387586922790977,"",""],[1.82575,0.02422,0.15337,0.00193,0.08662,0.00097,0.625790877988969,-0.382408767022856,"",""],[0.82443,0.01171,0.09914,0.00126,0.06052,0.00076,0.569394061952553,-0.36803863745578,"",""],[1.78236,0.0239,0.17231,0.00217,0.07528,0.00086,0.615552841856339,-0.379859174417622,"",""],[5.35988,0.07114,0.33949,0.00428,0.11491,0.00129,0.624742732535964,-0.384381288860377,"",""],[0.19703,0.0032,0.02835,0.00037,0.05059,0.00076,0.49164935199022,-0.337234271439216,"",""],[1.46862,0.01979,0.1264,0.00159,0.08458,0.00098,0.606363995920461,-0.380456066897903,"",""],[1.98528,0.02627,0.15109,0.0019,0.09566,0.00108,0.618295834673684,-0.38917272682763,"",""],[1.9132,0.02616,0.18107,0.00229,0.07694,0.00091,0.598579902386741,-0.377293818934978,"",""],[0.65449,0.01097,0.07098,0.00095,0.06715,0.00106,0.470028793218991,-0.348789286745177,"",""],[0.93889,0.01359,0.0982,0.00126,0.06963,0.0009,0.557494354958007,-0.368380099088135,"",""],[2.07834,0.03451,0.20147,0.00274,0.07513,0.00116,0.492161832592117,-0.351549486169576,"",""],[1.58189,0.02254,0.16012,0.00205,0.07196,0.00091,0.567416705408679,-0.37307724893551,"",""],[0.66444,0.01016,0.08232,0.00107,0.0588,0.00082,0.52398184932708,-0.35751920810117,"",""],[1.77838,0.02406,0.17291,0.00218,0.07493,0.00087,0.607313773792634,-0.378204053270146,"",""],[1.66632,0.02215,0.16053,0.00201,0.07563,0.00086,0.613349566197929,-0.384122353855768,"",""],[6.14714,0.0808,0.34557,0.00432,0.12962,0.00145,0.620477364612501,-0.388442501282486,"",""],[0.7642,0.01359,0.09335,0.00127,0.05966,0.00101,0.443781390280433,-0.337451999253857,"",""],[1.49042,0.02002,0.15329,0.00192,0.07086,0.00082,0.604473661949013,-0.380718115974503,"",""],[1.46572,0.02205,0.15169,0.00197,0.07043,0.00096,0.535348559984313,-0.361932124354013,"",""],[2.88839,0.06993,0.25338,0.00488,0.0827,0.00156,0.436039413019322,-0.245952243152711,"",""],[3.96418,0.05249,0.28619,0.00358,0.10098,0.00115,0.610106767222552,-0.389054294084494,"",""],[2.4731,0.03242,0.21367,0.00266,0.08439,0.00094,0.621202486712404,-0.386553528286397,"",""],[5.19296,0.06847,0.32792,0.0041,0.11547,0.0013,0.616981333067437,-0.387983902073818,"",""]]},"optionschanged":false}