{"constants":{"lambda":{"fission":[8.5e-11,1e-12],"U238":[0.000155125,8.3e-8],"U235":[0.00098485,6.7e-7],"U234":[0.00282206,8e-7],"Th232":[0.0000495,0.0000025],"Th230":[0.0091705,0.0000016],"Pa231":[0.021158,0.00071],"Ra226":[0.4332,0.0019],"Rb87":[0.000013972,4.5e-7],"Re187":[0.00001666,8.5e-8],"Sm147":[0.000006524,1.2e-8],"K40":[0.00055305,0.00000132],"Lu176":[0.00001867,8e-8]},"iratio":{"Ar40Ar36":[298.56,0.31],"Ar38Ar36":[0.1885,0.0003],"Ca40Ca44":[46.48,0.044],"Rb85Rb87":[2.59265,0.00085],"Sr84Sr86":[0.056549,0.0000715],"Sr87Sr86":[0.69938,0.00006],"Sr88Sr86":[8.37861,0.001624],"Re185Re187":[0.59738,0.000195],"Os184Os192":[0.000485,0.00011],"Os186Os192":[0.03889,0.00011],"Os187Os192":[0.04817,0.00003],"Os188Os192":[0.32474,0.00005],"Os189Os192":[0.39593,0.00004],"Os190Os192":[0.64388,0.00045],"Th230Th232":[0,0],"U234U238":[0,0],"U238U235":[137.818,0.0225],"Pb206Pb204":[9.307,0],"Pb207Pb204":[10.294,0],"Pb207Pb206":[1.106,0],"Pb208Pb204":[29.476,0],"Pb208Pb206":[3.1671,0],"Pb208Pb207":[2.8634,0],"Sm144Sm152":[0.115117,0.000189],"Sm147Sm152":[0.561134,0.000622],"Sm148Sm152":[0.420634,0.000392],"Sm149Sm152":[0.516973,0.000393],"Sm150Sm152":[0.275438,0.000459],"Sm154Sm152":[0.850468,0.000484],"Nd142Nd144":[1.14101,0.0007],"Nd143Nd144":[0.51154,0.0004],"Nd145Nd144":[0.34848,0.00015],"Nd146Nd144":[0.72228,0.00051],"Nd148Nd144":[0.24186,0.0003],"Nd150Nd144":[0.23691,0.00042],"Lu176Lu175":[0.02668,0.000013],"Hf174Hf177":[0.00871,0.00005],"Hf176Hf177":[0.2829,0.003],"Hf178Hf177":[1.4671,0.0001],"Hf179Hf177":[0.7325,0],"Hf180Hf177":[1.88651,0.00012]},"imass":{"U":[238.02891,0.00003],"Rb":[85.46776,0.00026],"Rb85":[84.9117924,0.0000027],"Rb87":[86.9091828,0.0000028],"Sr":[87.62,0.01],"Sr84":[83.913426,0.000004],"Sr86":[85.9092647,0.0000025],"Sr87":[86.9088816,0.0000025],"Sr88":[87.9056167,0.0000025],"Re":[186.20679,0.00031],"Re185":[184.952955,0.000003],"Re187":[186.9557505,0.000003],"Os":[190.23,0.003],"Os184":[183.952491,0.000003],"Os186":[185.953838,0.000003],"Os187":[186.9557476,0.000003],"Os188":[187.9558357,0.000003],"Os189":[188.958145,0.000003],"Os190":[189.958445,0.000003],"Os192":[191.961479,0.000004],"Sm":[150.36,0.03],"Nd":[144.2415,0.0013],"Lu":[174.9668,0.0001],"Hf":[178.49,0.02]},"etchfact":{"apatite":0.93,"zircon":1},"tracklength":{"apatite":16.2,"zircon":10.6},"mindens":{"apatite":3.22,"zircon":4.7}},"settings":{"language":"en","geochronometer":"U-Th-He","plotdevice":"helioplot","ierr":1,"oerr":2,"alpha":0.05,"sigdig":2,"par":{"cex":1},"fissiontracks":{"format":1,"mineral":"apatite"},"detritals":{"format":1,"hide":[]},"U-Pb":{"format":2,"type":5,"cutoff76":1100,"cutoffdisc":0,"discoption":5,"mindisc":[-50,-5,-0.3,-2,-2],"maxdisc":[140,15,1,6,7],"commonPb":0,"diseq":false,"U48":[1,0],"ThU":[1,0],"RaU":[1,0],"PaU":[1,0]},"Th-U":{"format":2,"Th0i":0,"U8Th2":0,"Th02i":[0,0],"Th02U48":[0,0,1000000,0,0,0,0,0,0]},"Pb-Pb":{"format":3,"commonPb":2,"projerr":false,"inverse":true},"Ar-Ar":{"format":3,"i2i":false,"projerr":false,"inverse":true},"Th-Pb":{"format":2,"i2i":true,"projerr":false,"inverse":true},"K-Ca":{"format":1,"i2i":true,"projerr":false,"inverse":false},"Rb-Sr":{"format":1,"i2i":true,"projerr":false,"inverse":false},"Sm-Nd":{"format":1,"i2i":true,"projerr":false,"inverse":false},"Re-Os":{"format":1,"i2i":true,"projerr":false,"inverse":false},"Lu-Hf":{"format":1,"i2i":true,"projerr":false,"inverse":false},"U-Th-He":{},"other":{"format":1},"concordia":{"mint":"auto","maxt":"auto","minx":"auto","maxx":"auto","miny":"auto","maxy":"auto","type":1,"exterr":false,"shownumbers":false,"showage":0,"anchor":0,"tanchor":0,"ellipsefill":{"option":"custom_ramp","alpha":0.5,"ramp_start":"#00FF00","ramp_end":"#FF0000"},"ellipsestroke":"#000000","clabel":"","ticks":"auto"},"evolution":{"min08":"auto","max08":"auto","min48":"auto","max48":"auto","mint":"auto","maxt":"auto","transform":false,"exterr":false,"isochron":false,"shownumbers":false,"ellipsefill":{"option":"custom_ramp","alpha":0.5,"ramp_start":"#00FF00","ramp_end":"#FF0000"},"ellipsestroke":"#000000","model":1,"clabel":""},"isochron":{"UPbtype":1,"ThUtype":2,"y0option":1,"model":1,"exterr":false,"joint":true,"anchor":0,"tanchor":0,"shownumbers":false,"minx":"auto","maxx":"auto","miny":"auto","maxy":"auto","ellipsefill":{"option":"custom_ramp","alpha":0.5,"ramp_start":"#00FF00","ramp_end":"#FF0000"},"ellipsestroke":"#000000","growth":false,"clabel":""},"regression":{"model":1,"shownumbers":false,"minx":"auto","maxx":"auto","miny":"auto","maxy":"auto","ellipsefill":{"option":"custom_ramp","alpha":0.5,"ramp_start":"#00FF00","ramp_end":"#FF0000"},"ellipsestroke":"#000000","clabel":""},"radial":{"transformation":"log","mint":"auto","z0":"auto","maxt":"auto","pch":21,"cex":1,"bg":{"option":"custom_ramp","ramp_start":"#00FF00","ramp_end":"#FF0000","reverse":false},"shownumbers":false,"numpeaks":0,"clabel":"","exterr":false},"average":{"outliers":true,"exterr":false,"randomeffects":false,"mint":"auto","maxt":"auto","ranked":false,"bg":{"option":"custom_ramp","ramp_start":"#00FF00","ramp_end":"#FF0000","reverse":false},"outliercol":"#00FFFF","rect_alpha":0.5,"clabel":""},"spectrum":{"plateau":true,"exterr":false,"randomeffects":false,"bg":{"option":"custom_ramp","ramp_start":"#00FF00","ramp_end":"#FF0000","reverse":false},"nonplateaucol":"#00FFFF","nonplateau_alpha":0.5,"clabel":""},"KDE":{"ncol":"auto","xlab":"age [Ma]","showhist":true,"bw":"auto","samebandwidth":true,"normalise":true,"log":false,"adaptive":true,"minx":"auto","maxx":"auto","bandwidth":"auto","binwidth":"auto","rugdetritals":false,"rug":true},"CAD":{"pch":"none","verticals":true,"colmap":"rainbow"},"set-zeta":{"exterr":false},"MDS":{"classical":false,"shepard":false,"nnlines":false,"pch":21,"pos":0,"cex":5,"col":"#000000","bg":"#FFFFFF"},"helioplot":{"logratio":true,"shownumbers":false,"showcentralcomp":true,"minx":"auto","maxx":"auto","miny":"auto","maxy":"auto","fact":"auto","ellipsefill":{"option":"custom_ramp","alpha":0.5,"ramp_start":"#00FF00","ramp_end":"#FF0000"},"ellipsestroke":"#000000","model":1,"clabel":""},"ages":{"showdisc":0,"discoption":5,"exterr":false}},"data":{"U-Pb":{},"Ar-Ar":{},"K-Ca":{},"Rb-Sr":{},"Sm-Nd":{},"Re-Os":{},"Lu-Hf":{},"U-Th-He":{"ierr":1,"data":{"He":["3.6","2.97","1.27","0.9","1.22","2.29","1.58","3.49","3.47","2.7","3.96","4.26","5.6","5.6","4.36","1.45","1.52","3.65","1.69","0.95","2.15","1.2","2.77","1.76","0.76","0.95","0.47","18.88",null,null,null,null,null,null,null,null,null,null,null,null,null,null,null,null,null,null,null,null,null,null,null,null,null,null,null,null,null,null,null,null,null,null,null,null,null,null,null,null,null,null,null,null,null,null,null,null,null,null,null,null,null,null,null,null,null,null,null,null,null,null,null,null,null,null,null,null,null,null,null,null],"err[He]":["0.22","0.18","0.08","0.05","0.07","0.14","0.1","0.21","0.21","0.16","0.24","0.26","0.34","0.34","0.26","0.09","0.09","0.22","0.1","0.06","0.13","0.07","0.17","0.11","0.05","0.06","0.03","1.13",null,null,null,null,null,null,null,null,null,null,null,null,null,null,null,null,null,null,null,null,null,null,null,null,null,null,null,null,null,null,null,null,null,null,null,null,null,null,null,null,null,null,null,null,null,null,null,null,null,null,null,null,null,null,null,null,null,null,null,null,null,null,null,null,null,null,null,null,null,null,null,null],"U":["222.97","151.34","59.22","51.24","59.57","128.78","75.99","176.94","170.96","142.77","229.62","239.94","313.97","213.98","203.95","60.27","70.43","211.81","92.66","55.36","109.53","61.46","137.37","102.93","59.21","52.95","24.94","1086.21",null,null,null,null,null,null,null,null,null,null,null,null,null,null,null,null,null,null,null,null,null,null,null,null,null,null,null,null,null,null,null,null,null,null,null,null,null,null,null,null,null,null,null,null,null,null,null,null,null,null,null,null,null,null,null,null,null,null,null,null,null,null,null,null,null,null,null,null,null,null,null,null],"err[U]":["13.38","9.08","3.55","3.07","3.57","7.73","4.56","10.62","10.26","8.57","13.78","14.4","18.84","12.84","12.24","3.62","4.23","12.71","5.56","3.32","6.57","3.69","8.24","6.18","3.55","3.18","1.5","65.17",null,null,null,null,null,null,null,null,null,null,null,null,null,null,null,null,null,null,null,null,null,null,null,null,null,null,null,null,null,null,null,null,null,null,null,null,null,null,null,null,null,null,null,null,null,null,null,null,null,null,null,null,null,null,null,null,null,null,null,null,null,null,null,null,null,null,null,null,null,null,null,null],"Th":["873.21","793.11","343.39","272.64","315.42","569.65","391.15","957.49","908.18","624.69","1152.82","1181.79","1362.34","1081.76","1151.59","468.14","403.38","887.88","471.5","287.67","612.95","340.14","842.22","373.05","149.25","215.91","141.71","4496.41",null,null,null,null,null,null,null,null,null,null,null,null,null,null,null,null,null,null,null,null,null,null,null,null,null,null,null,null,null,null,null,null,null,null,null,null,null,null,null,null,null,null,null,null,null,null,null,null,null,null,null,null,null,null,null,null,null,null,null,null,null,null,null,null,null,null,null,null,null,null,null,null],"err[Th]":["52.39","47.59","20.6","16.36","18.92","34.18","23.47","57.45","54.49","37.48","69.17","70.91","81.74","64.91","69.1","28.09","24.2","53.27","28.29","17.26","36.78","20.41","50.53","22.38","8.96","12.95","8.5","269.78",null,null,null,null,null,null,null,null,null,null,null,null,null,null,null,null,null,null,null,null,null,null,null,null,null,null,null,null,null,null,null,null,null,null,null,null,null,null,null,null,null,null,null,null,null,null,null,null,null,null,null,null,null,null,null,null,null,null,null,null,null,null,null,null,null,null,null,null,null,null,null,null],"Sm":["35389.84","22037.15","27058.67","6663.35","15826.04","26152.55","34627.33","29619.33","23986.6","33684.15","48777.4","38162.63","53203.26","33992.02","93391.32","33226.78","37053.4","38885.52","8243.25","14497.34","31394.21","6617.46","20529.67","23247.46","7199.15","18765.02","4720.7","249622.79",null,null,null,null,null,null,null,null,null,null,null,null,null,null,null,null,null,null,null,null,null,null,null,null,null,null,null,null,null,null,null,null,null,null,null,null,null,null,null,null,null,null,null,null,null,null,null,null,null,null,null,null,null,null,null,null,null,null,null,null,null,null,null,null,null,null,null,null,null,null,null,null],"err[Sm]":["2123.39","1322.23","1623.52","399.8","949.56","1569.15","2077.64","1777.16","1439.2","2021.05","2926.64","2289.76","3192.2","2039.52","5603.48","1993.61","2223.2","2333.13","494.59","869.84","1883.65","397.05","1231.78","1394.85","431.95","1125.9","283.24","14977.37",null,null,null,null,null,null,null,null,null,null,null,null,null,null,null,null,null,null,null,null,null,null,null,null,null,null,null,null,null,null,null,null,null,null,null,null,null,null,null,null,null,null,null,null,null,null,null,null,null,null,null,null,null,null,null,null,null,null,null,null,null,null,null,null,null,null,null,null,null,null,null,null],"(C)":[null,null,null,null,null,null,null,null,null,null,null,null,null,null,null,null,null,null,null,null,null,null,null,null,null,null,null,null,null,null,null,null,null,null,null,null,null,null,null,null,null,null,null,null,null,null,null,null,null,null,null,null,null,null,null,null,null,null,null,null,null,null,null,null,null,null,null,null,null,null,null,null,null,null,null,null,null,null,null,null,null,null,null,null,null,null,null,null,null,null,null,null,null,null,null,null,null,null,null,null],"(omit)":[null,null,null,null,null,null,null,null,null,null,null,null,null,null,null,null,null,null,null,null,null,null,null,null,null,null,null,null,null,null,null,null,null,null,null,null,null,null,null,null,null,null,null,null,null,null,null,null,null,null,null,null,null,null,null,null,null,null,null,null,null,null,null,null,null,null,null,null,null,null,null,null,null,null,null,null,null,null,null,null,null,null,null,null,null,null,null,null,null,null,null,null,null,null,null,null,null,null,null,null]}},"Th-U":{},"fissiontracks":{},"detritals":{},"other":{}},"languages":{"languages_supported":[{"code":"en","prefix":"en","name":"English","short_name":"EN"},{"code":"zh_Hans","prefix":"zh","name":"中文","short_name":"CN"},{"code":"es","prefix":"es","name":"Español","short_name":"ES"},{"code":"cy","prefix":"cy","name":"Cymraeg","short_name":"CY"}],"translation_link":"http://lgc.es.ucl.ac.uk/weblate/translate/isoplotrgui/${FILENAME}/${LANGUAGE}?q=context%3A${ID}"},"data4server":{"nr":100,"nc":10,"data":[[3.6,0.22,222.97,13.38,873.21,52.39,35389.84,2123.39,"",""],[2.97,0.18,151.34,9.08,793.11,47.59,22037.15,1322.23,"",""],[1.27,0.08,59.22,3.55,343.39,20.6,27058.67,1623.52,"",""],[0.9,0.05,51.24,3.07,272.64,16.36,6663.35,399.8,"",""],[1.22,0.07,59.57,3.57,315.42,18.92,15826.04,949.56,"",""],[2.29,0.14,128.78,7.73,569.65,34.18,26152.55,1569.15,"",""],[1.58,0.1,75.99,4.56,391.15,23.47,34627.33,2077.64,"",""],[3.49,0.21,176.94,10.62,957.49,57.45,29619.33,1777.16,"",""],[3.47,0.21,170.96,10.26,908.18,54.49,23986.6,1439.2,"",""],[2.7,0.16,142.77,8.57,624.69,37.48,33684.15,2021.05,"",""],[3.96,0.24,229.62,13.78,1152.82,69.17,48777.4,2926.64,"",""],[4.26,0.26,239.94,14.4,1181.79,70.91,38162.63,2289.76,"",""],[5.6,0.34,313.97,18.84,1362.34,81.74,53203.26,3192.2,"",""],[5.6,0.34,213.98,12.84,1081.76,64.91,33992.02,2039.52,"",""],[4.36,0.26,203.95,12.24,1151.59,69.1,93391.32,5603.48,"",""],[1.45,0.09,60.27,3.62,468.14,28.09,33226.78,1993.61,"",""],[1.52,0.09,70.43,4.23,403.38,24.2,37053.4,2223.2,"",""],[3.65,0.22,211.81,12.71,887.88,53.27,38885.52,2333.13,"",""],[1.69,0.1,92.66,5.56,471.5,28.29,8243.25,494.59,"",""],[0.95,0.06,55.36,3.32,287.67,17.26,14497.34,869.84,"",""],[2.15,0.13,109.53,6.57,612.95,36.78,31394.21,1883.65,"",""],[1.2,0.07,61.46,3.69,340.14,20.41,6617.46,397.05,"",""],[2.77,0.17,137.37,8.24,842.22,50.53,20529.67,1231.78,"",""],[1.76,0.11,102.93,6.18,373.05,22.38,23247.46,1394.85,"",""],[0.76,0.05,59.21,3.55,149.25,8.96,7199.15,431.95,"",""],[0.95,0.06,52.95,3.18,215.91,12.95,18765.02,1125.9,"",""],[0.47,0.03,24.94,1.5,141.71,8.5,4720.7,283.24,"",""],[18.88,1.13,1086.21,65.17,4496.41,269.78,249622.79,14977.37,"",""]]},"optionschanged":false}